poly_id,POLY,JAE_COURSE_CODE,COURSE_TITLE,JAE_COURSE_CLUSTER,JAE_ELR2B2,COURSE_URL,school_id
1,Nanyang Polytechnic,C39,Aerospace / Electrical / Electronics Programme,ENGINEERING,22,http://www.nyp.edu.sg/seg/full-time-courses/aerospace-electrical-electronics-programme-c39,381
2,Republic Polytechnic,R56,Engineering Design with Business,ENGINEERING,23,http://www.rp.edu.sg/02_School_of_Engineering/School_of_Engineering.aspx,380
3,Singapore Polytechnic,S64,Applied Chemistry,APPLIED SCIENCES,10,http://www.sp.edu.sg/wps/portal/vp-spws/!ut/p/a1/04_Sj9CPykssy0xPLMnMz0vMAfGjzOJDPUxdjdxMTQz8XQNdDTwNg8xd_N1dDVydDfQLsh0VAWb2orM!/?WCM_GLOBAL_CONTEXT=,379
4,Ngee Ann Polytechnic,N40,Hotel & Leisure Facilities Management,BUILT ENVIRONMENT,13,http://www.np.edu.sg/de/courses/hlfm/Pages/hlfm.aspx,382
5,Ngee Ann Polytechnic,N41,Mechanical Engineering,ENGINEERING,19,http://www.np.edu.sg/soe/courses/me/Pages/me.aspx,382
6,Ngee Ann Polytechnic,N42,Marine & Offshore Technology,MARITIME STUDIES,18,http://www.np.edu.sg/soe/courses/mot/Pages/mot.aspx,382
7,Ngee Ann Polytechnic,N43,Electrical Engineering,ENGINEERING,22,http://www.np.edu.sg/soe/courses/ee/Pages/ee.aspx,382
8,Ngee Ann Polytechnic,N44,Electronic & Computer Engineering,ENGINEERING,21,http://www.np.edu.sg/soe/courses/ece/Pages/ece.aspx,382
9,Ngee Ann Polytechnic,N45,Business Studies,BUSINESS & MANAGEMENT,10,http://www.np.edu.sg/ba/courses/bs/Pages/bs.aspx,382
10,Ngee Ann Polytechnic,N48,Real Estate Business,BUILT ENVIRONMENT,16,http://www.np.edu.sg/DE/COURSES/REB/Pages/reb.aspx,382
11,Ngee Ann Polytechnic,N49,Molecular Biotechnology,APPLIED SCIENCES,9,http://www.np.edu.sg/lsct/courses/mbio/Pages/default.aspx,382
12,Ngee Ann Polytechnic,N50,Automation & Mechatronic Systems,ENGINEERING,20,http://www.np.edu.sg/soe/courses/ams/Pages/ams.aspx,382
13,Ngee Ann Polytechnic,N51,Accountancy,BUSINESS & MANAGEMENT,11,http://www.np.edu.sg/ba/courses/acc/Pages/acc.aspx,382
14,Ngee Ann Polytechnic,N53,Banking & Financial Services,BUSINESS & MANAGEMENT,10,http://www.np.edu.sg/ba/courses/bfs/Pages/bfs.aspx,382
15,Ngee Ann Polytechnic,N54,Information Technology,INFORMATION & DIGITAL TECHNOLOGIES,15,http://www.np.edu.sg/ict/courses/fulltime/it/Pages/it.aspx,382
16,Ngee Ann Polytechnic,N55,Multimedia & Animation,INFORMATION & DIGITAL TECHNOLOGIES,15,http://www.np.edu.sg/ict/courses/fulltime/mma/Pages/mma.aspx,382
17,Ngee Ann Polytechnic,N56,Chemical & Biomolecular Engineering,APPLIED SCIENCES,13,http://www.np.edu.sg/lsct/courses/cbe/Pages/default.aspx,382
18,Ngee Ann Polytechnic,N57,Landscape Design & Horticulture,APPLIED SCIENCES,18,http://www.np.edu.sg/lsct/courses/ldh/Pages/default.aspx,382
19,Ngee Ann Polytechnic,N59,Biomedical Science,APPLIED SCIENCES,8,http://www.np.edu.sg/lsct/courses/bms/Pages/home.aspx,382
20,Ngee Ann Polytechnic,N60,Biomedical Engineering,ENGINEERING,14,http://www.np.edu.sg/soe/courses/bme/Pages/bme.aspx,382
21,Ngee Ann Polytechnic,N64,Network Systems & Security,INFORMATION & DIGITAL TECHNOLOGIES,13,http://www.np.edu.sg/soe/courses/nss/Pages/nss.aspx,382
22,Ngee Ann Polytechnic,N65,Aerospace Technology,ENGINEERING,13,http://www.np.edu.sg/soe/courses/at/Pages/at.aspx,382
23,Ngee Ann Polytechnic,N66,Early Childhood Education,HUMANITIES,16,http://www.np.edu.sg/hms/courses/ECH/Pages/ech.aspx,382
24,Ngee Ann Polytechnic,N67,Mass Communication,MEDIA & DESIGN,10,http://www.np.edu.sg/fms/courses/diploma/Pages/mcm.aspx,382
25,Ngee Ann Polytechnic,N68,Product Design & Innovation,MEDIA & DESIGN,18,http://www.np.edu.sg/de/courses/pdi/Pages/pdi.aspx,382
26,Ngee Ann Polytechnic,N69,Health Sciences (Nursing),HEALTH SCIENCES,26,http://www.np.edu.sg/hs/courses/hsn/Pages/HSN.aspx,382
27,Ngee Ann Polytechnic,N70,Chinese Studies,HUMANITIES,16,http://www.np.edu.sg/hms/courses/CHS/Pages/chs_en.aspx,382
28,Ngee Ann Polytechnic,N71,Engineering with Business Management Programme,ENGINEERING,16,http://www.np.edu.sg/soe/courses/ebm/Pages/ebm.aspx,382
29,Ngee Ann Polytechnic,N72,Tourism & Resort Management,BUSINESS & MANAGEMENT,10,http://www.np.edu.sg/ba/courses/trm/Pages/trm.aspx,382
30,Ngee Ann Polytechnic,N73,Pharmacy Science,APPLIED SCIENCES,9,http://www.np.edu.sg/lsct/courses/pharm/Pages/default.aspx,382
31,Ngee Ann Polytechnic,N74,Environmental & Water Technology,APPLIED SCIENCES,15,http://www.np.edu.sg/lsct/courses/ewt/Pages/ewt.aspx,382
32,Ngee Ann Polytechnic,N75,Aerospace Electronics,ENGINEERING,15,http://www.np.edu.sg/soe/courses/ae/Pages/ae.aspx,382
33,Ngee Ann Polytechnic,N76,Audio-visual Technology,ENGINEERING,15,http://www.np.edu.sg/soe/courses/avt/Pages/avt.aspx,382
34,Ngee Ann Polytechnic,N77,Psychology Studies,HUMANITIES,8,http://www.np.edu.sg/hms/courses/PCS/Pages/pcs.aspx,382
35,Ngee Ann Polytechnic,N78,Visual Effects,MEDIA & DESIGN,16,http://www.np.edu.sg/fms/courses/diploma/pages/vfx.aspx,382
36,Ngee Ann Polytechnic,N79,Business & Social Enterprise,BUSINESS & MANAGEMENT,11,http://www.np.edu.sg/hms/courses/bzse/Pages/bzse.aspx,382
37,Ngee Ann Polytechnic,N80,International Logistics & Supply Chain Management,BUSINESS & MANAGEMENT,15,http://www.np.edu.sg/ba/courses/ilscm/Pages/ilscm.aspx,382
38,Ngee Ann Polytechnic,N81,Financial Informatics,INFORMATION & DIGITAL TECHNOLOGIES,14,http://www.np.edu.sg/ict/courses/fulltime/fi/Pages/fi.aspx,382
39,Ngee Ann Polytechnic,N82,"Film, Sound & Video",MEDIA & DESIGN,12,http://www.np.edu.sg/fms/courses/diploma/Pages/fsv.aspx,382
40,Ngee Ann Polytechnic,N83,Optometry,HEALTH SCIENCES,13,http://www.np.edu.sg/hs/courses/opt/Pages/default.aspx,382
41,Ngee Ann Polytechnic,N84,Clean Energy Management,ENGINEERING,18,http://www.np.edu.sg/soe/courses/cem/Pages/cem.aspx,382
42,Ngee Ann Polytechnic,N85,International Business,BUSINESS & MANAGEMENT,6,http://www.np.edu.sg/ba/courses/ibz/Pages/ibz.aspx,382
43,Ngee Ann Polytechnic,N86,Child Psychology & Early Education,HUMANITIES,13,http://www.np.edu.sg/hms/courses/cpee/Pages/default.aspx,382
44,Ngee Ann Polytechnic,N87,Advertising & Public Relations,MEDIA & DESIGN,13,http://www.np.edu.sg/fms/courses/diploma/Pages/apr.aspx,382
45,Ngee Ann Polytechnic,N88,Chinese Media & Communication,MEDIA & DESIGN,16,http://www.np.edu.sg/hms/courses/cmc/Pages/cmc_en.aspx,382
46,Ngee Ann Polytechnic,N89,Sustainable Urban Design & Engineering,BUILT ENVIRONMENT,13,http://www.np.edu.sg/DE/COURSES/SDE/Pages/sde.aspx,382
47,Ngee Ann Polytechnic,N90,Veterinary Bioscience,APPLIED SCIENCES,9,http://www.np.edu.sg/lsct/courses/vbs/Pages/default.aspx,382
48,Ngee Ann Polytechnic,N91,Arts Business Management,BUSINESS & MANAGEMENT,10,http://www.np.edu.sg/hms/courses/abm/Pages/abm.aspx,382
49,Ngee Ann Polytechnic,N92,Animation & 3D Arts,MEDIA & DESIGN,12,http://www.np.edu.sg/ict/courses/fulltime/a3da/Pages/a3da.aspx,382
50,Ngee Ann Polytechnic,N93,Engineering Science,ENGINEERING,9,http://www.np.edu.sg/soe/courses/es/Pages/es.aspx,382
51,Ngee Ann Polytechnic,N94,Information Security & Forensics,INFORMATION & DIGITAL TECHNOLOGIES,10,http://www.np.edu.sg/ict/courses/fulltime/isf/Pages/isf.aspx,382
52,Nanyang Polytechnic,C40,Aerospace / Mechatronics Programme,ENGINEERING,25,http://www.nyp.edu.sg/seg/full-time-courses/aerospace-mechatronics-programme-c40,381
53,Nanyang Polytechnic,C41,Engineering With Business,ENGINEERING,18,http://www.nyp.edu.sg/seg/full-time-courses/diploma-in-engineering-with-business-c41,381
54,Nanyang Polytechnic,C42,Common Engineering Programme,ENGINEERING,26,http://www.nyp.edu.sg/seg/full-time-courses/common-engineering-programme-c42,381
55,Nanyang Polytechnic,C43,Business Intelligence & Analytics,INFORMATION & DIGITAL TECHNOLOGIES,18,http://www.nyp.edu.sg/sit/courses-for-full-time-students/diploma-in-business-intelligence-n-analytics,381
56,Nanyang Polytechnic,C45,Medicinal Chemistry,APPLIED SCIENCES,13,http://www.nyp.edu.sg/scl/courses/diploma-in-medicinal-chemistry,381
57,Nanyang Polytechnic,C46,Food & Beverage Business,BUSINESS & MANAGEMENT,17,http://www.nyp.edu.sg/sbm/full-time-courses/food-and-beverage-business,381
58,Nanyang Polytechnic,C47,Social Sciences (Social Work),HEALTH SCIENCES,16,http://www.nyp.edu.sg/shs/courses/full-time-diploma/diploma-in-social-sciences-social-work,381
59,Nanyang Polytechnic,C48,Electrical Engineering With Eco-Design,ENGINEERING,26,http://www.nyp.edu.sg/seg/full-time-courses/diploma-in-electrical-engineering-with-eco-design-c48,381
60,Nanyang Polytechnic,C49,Biologics & Process Technology,APPLIED SCIENCES,16,http://www.nyp.edu.sg/scl/courses/diploma-in-biologics-n-process-technology,381
61,Nanyang Polytechnic,C50,Nanotechnology & Materials Science,ENGINEERING,18,http://www.nyp.edu.sg/seg/full-time-courses/diploma-in-nanotechnology-n-materials-science-c50,381
62,Nanyang Polytechnic,C51,Aeronautical & Aerospace Technology,ENGINEERING,14,http://www.nyp.edu.sg/seg/full-time-courses/diploma-in-aeronautical-n-aerospace-technology-c51,381
63,Nanyang Polytechnic,C52,Aerospace Systems & Management,ENGINEERING,16,http://www.nyp.edu.sg/seg/full-time-courses/diploma-in-aerospace-systems-and-management-c52,381
64,Nanyang Polytechnic,C53,Telematics & Media Technology,ENGINEERING,24,http://www.nyp.edu.sg/seg/full-time-courses/diploma-in-telematics-n-media-technology-c53,381
65,Nanyang Polytechnic,C54,Cyber Security & Forensics,INFORMATION & DIGITAL TECHNOLOGIES,12,http://www.nyp.edu.sg/sit/courses-for-full-time-students/diploma-in-cyber-security-n-forensics,381
66,Nanyang Polytechnic,C55,Chemical & Green Technology,APPLIED SCIENCES,18,http://www.nyp.edu.sg/scl/courses/diploma-in-chemical-n-green-technology,381
67,Nanyang Polytechnic,C56,Fund Management & Administration,BUSINESS & MANAGEMENT,17,http://www.nyp.edu.sg/sbm/full-time-courses/fund-management-n-administration,381
68,Nanyang Polytechnic,C57,Digital Visual Effects,INFORMATION & DIGITAL TECHNOLOGIES,18,http://www.nyp.edu.sg/sidm/courses/digital-visual-effects,381
69,Nanyang Polytechnic,C58,Financial Informatics,INFORMATION & DIGITAL TECHNOLOGIES,16,http://www.nyp.edu.sg/sit/courses-for-full-time-students/diploma-in-financial-informatics,381
70,Nanyang Polytechnic,C59,Interaction Design,MEDIA & DESIGN,21,http://www.nyp.edu.sg/sidm/courses/interaction-design,381
71,Nanyang Polytechnic,C60,Digital Game Art & Design,MEDIA & DESIGN,17,http://www.nyp.edu.sg/sidm/courses/digital-game-art-n-design,381
72,Nanyang Polytechnic,C61,Animation,MEDIA & DESIGN,15,http://www.nyp.edu.sg/sidm/courses/animation,381
73,Nanyang Polytechnic,C62,Digital & Precision Engineering,ENGINEERING,26,http://www.nyp.edu.sg/seg/full-time-courses/diploma-in-digital-n-precision-engineering-with-scholarship-c62,381
74,Nanyang Polytechnic,C63,Visual Communication,MEDIA & DESIGN,18,http://www.nyp.edu.sg/sdn/courses-for-full-time-students/diploma-in-visual-communication,381
75,Nanyang Polytechnic,C64,Spatial Design,MEDIA & DESIGN,19,http://www.nyp.edu.sg/sdn/courses-for-full-time-students/diploma-in-spatial-design,381
76,Nanyang Polytechnic,C65,Pharmaceutical Sciences,APPLIED SCIENCES,13,http://www.nyp.edu.sg/scl/courses/diploma-in-pharmaceutical-sciences,381
77,Nanyang Polytechnic,C66,Motion Graphics & Broadcast Design,MEDIA & DESIGN,19,http://www.nyp.edu.sg/sidm/courses/motion-graphics-n-broadcast-design,381
78,Nanyang Polytechnic,C67,Hospitality & Tourism Management,BUSINESS & MANAGEMENT,16,http://www.nyp.edu.sg/sbm/full-time-courses/hospitality-n-tourism-management,381
79,Nanyang Polytechnic,C68,Business Enterprise IT,INFORMATION & DIGITAL TECHNOLOGIES,18,http://www.nyp.edu.sg/sit/courses-for-full-time-students/diploma-in-business-enterprise-it,381
80,Nanyang Polytechnic,C69,Food Science & Nutrition,APPLIED SCIENCES,16,http://www.nyp.edu.sg/scl/courses/diploma-in-food-science-n-nutrition,381
81,Nanyang Polytechnic,C70,Game Development & Technology,INFORMATION & DIGITAL TECHNOLOGIES,16,http://www.nyp.edu.sg/sidm/courses/game-development-n-technology,381
82,Nanyang Polytechnic,C71,Biomedical Engineering,ENGINEERING,17,http://www.nyp.edu.sg/seg/full-time-courses/diploma-in-biomedical-engineering-c71,381
83,Nanyang Polytechnic,C72,Oral Health Therapy,HEALTH SCIENCES,14,http://www.nyp.edu.sg/shs/courses/full-time-diploma/diploma-in-oral-health-therapy,381
84,Nanyang Polytechnic,C73,Chemical & Pharmaceutical Technology,APPLIED SCIENCES,17,http://www.nyp.edu.sg/scl/courses/diploma-in-chemical-n-pharmaceutical-technology,381
85,Nanyang Polytechnic,C74,Molecular Biotechnology,APPLIED SCIENCES,12,http://www.nyp.edu.sg/scl/courses/diploma-in-molecular-biotechnology,381
86,Nanyang Polytechnic,C75,Multimedia & Infocomm Technology,ENGINEERING,26,http://www.nyp.edu.sg/seg/full-time-courses/diploma-in-multimedia-n-infocomm-technology-c75,381
87,Nanyang Polytechnic,C78,Business Informatics,INFORMATION & DIGITAL TECHNOLOGIES,18,http://www.nyp.edu.sg/sit/courses-for-full-time-students/diploma-in-business-informatics,381
88,Nanyang Polytechnic,C80,Infocomm and Security,INFORMATION & DIGITAL TECHNOLOGIES,24,http://www.nyp.edu.sg/sit/courses-for-full-time-students/diploma-in-engineering-informatics,381
89,Nanyang Polytechnic,C81,Sport & Wellness Management,BUSINESS & MANAGEMENT,18,http://www.nyp.edu.sg/sbm/full-time-courses/sport-n-wellness-management,381
90,Nanyang Polytechnic,C83,Industrial Design,MEDIA & DESIGN,20,http://www.nyp.edu.sg/sdn/courses-for-full-time-students/diploma-in-industrial-design,381
91,Nanyang Polytechnic,C85,Information Technology,INFORMATION & DIGITAL TECHNOLOGIES,20,http://www.nyp.edu.sg/sit/courses-for-full-time-students/diploma-in-information-technology,381
92,Nanyang Polytechnic,C89,Electronic Systems,ENGINEERING,26,http://www.nyp.edu.sg/seg/full-time-courses/diploma-in-electronic-systems-c89,381
93,Nanyang Polytechnic,C93,Mass Media Management,BUSINESS & MANAGEMENT,14,http://www.nyp.edu.sg/sbm/full-time-courses/mass-media-management,381
94,Nanyang Polytechnic,C94,Business Management,BUSINESS & MANAGEMENT,16,http://www.nyp.edu.sg/sbm/full-time-courses/business-management,381
95,Nanyang Polytechnic,C96,Banking & Finance,BUSINESS & MANAGEMENT,14,http://www.nyp.edu.sg/sbm/full-time-courses/banking-n-finance,381
96,Nanyang Polytechnic,C97,Nursing,HEALTH SCIENCES,26,http://www.nyp.edu.sg/shs/courses/full-time-diploma/diploma-in-nursing,381
97,Nanyang Polytechnic,C98,Accountancy & Finance,BUSINESS & MANAGEMENT,13,http://www.nyp.edu.sg/sbm/full-time-courses/accountancy-n-finance,381
98,Nanyang Polytechnic,C99,Marketing,BUSINESS & MANAGEMENT,17,http://www.nyp.edu.sg/sbm/full-time-courses/marketing,381
99,Republic Polytechnic,R11,Industrial and Operations Management,BUSINESS & MANAGEMENT,26,http://www.rp.edu.sg/Diploma_in_Industrial_And_Operations_Management_(R11).aspx,380
100,Republic Polytechnic,R12,Information Technology,INFORMATION & DIGITAL TECHNOLOGIES,26,http://www.rp.edu.sg/Diploma_in_Information_Technology_(R12).aspx,380
101,Republic Polytechnic,R13,Business Information Systems,INFORMATION & DIGITAL TECHNOLOGIES,26,http://www.rp.edu.sg/Diploma_in_Business_Information_Systems_(R13).aspx,380
102,Republic Polytechnic,R14,Biomedical Sciences,APPLIED SCIENCES,14,http://www.rp.edu.sg/Diploma_in_Biomedical_Sciences_(R14).aspx,380
103,Republic Polytechnic,R16,Biotechnology,APPLIED SCIENCES,18,http://www.rp.edu.sg/Diploma_in_Biotechnology_(R16).aspx,380
104,Republic Polytechnic,R17,Materials Science,APPLIED SCIENCES,26,http://www.rp.edu.sg/Diploma_in_Materials_Science_(R17).aspx,380
105,Republic Polytechnic,R18,Business Applications,INFORMATION & DIGITAL TECHNOLOGIES,22,http://www.rp.edu.sg/Diploma_in_Business_Applications_(R18).aspx,380
106,Republic Polytechnic,R19,Media Production and Design,MEDIA & DESIGN,21,http://www.rp.edu.sg/Diploma_in_Media_Production_and_Design_(R19).aspx,380
107,Republic Polytechnic,R20,Aerospace Avionics,ENGINEERING,22,http://www.rp.edu.sg/Diploma_in_Aerospace_Avionics_(R20).aspx,380
108,Republic Polytechnic,R21,Supply Chain Management,BUSINESS & MANAGEMENT,21,http://www.rp.edu.sg/Diploma_in_Supply_Chain_Management_(R21).aspx,380
109,Republic Polytechnic,R22,Pharmaceutical Sciences,APPLIED SCIENCES,20,http://www.rp.edu.sg/Diploma_in_Pharmaceutical_Sciences_(R22).aspx,380
110,Republic Polytechnic,R24,Sonic Arts,MEDIA & DESIGN,20,http://www.rp.edu.sg/Diploma_in_Sonic_Arts_(R24).aspx,380
111,Republic Polytechnic,R25,Arts and Theatre Management,MEDIA & DESIGN,19,http://www.rp.edu.sg/Diploma_in_Arts_and_Theatre_Management_(R25).aspx,380
112,Republic Polytechnic,R26,Sports and Exercise Sciences,HEALTH SCIENCES,22,http://www.rp.edu.sg/Diploma_in_Sports_And_Exercise_Sciences_(R26).aspx,380
113,Republic Polytechnic,R27,Sports and Leisure Management,BUSINESS & MANAGEMENT,26,http://www.rp.edu.sg/Diploma_in_Sports_and_Leisure_Management_(R27).aspx,380
114,Republic Polytechnic,R28,Integrated Events Management,BUSINESS & MANAGEMENT,22,http://www.rp.edu.sg/Diploma_in_Integrated_Events_Management_(R28).aspx,380
115,Republic Polytechnic,R29,Environmental Science,APPLIED SCIENCES,26,http://www.rp.edu.sg/Diploma_in_Environmental_Science_(R29).aspx,380
116,Republic Polytechnic,R31,Interactive and Digital Media,MEDIA & DESIGN,24,http://www.rp.edu.sg/Diploma_in_Interactive_And_Digital_Media_(R31).aspx,380
117,Republic Polytechnic,R32,Mass Communication,MEDIA & DESIGN,17,http://www.rp.edu.sg/Diploma_in_Mass_Communication_(R32).aspx,380
118,Republic Polytechnic,R33,Outdoor and Adventure Learning,BUSINESS & MANAGEMENT,26,http://www.rp.edu.sg/Diploma_in_Outdoor_And_Adventure_Learning_(R33).aspx,380
119,Republic Polytechnic,R34,Customer Experience Management with Business,BUSINESS & MANAGEMENT,26,http://www.rp.edu.sg/Diploma_in_Customer_Relationship_and_Service_Management_(R34).aspx,380
120,Republic Polytechnic,R35,Game Design,MEDIA & DESIGN,21,http://www.rp.edu.sg/Diploma_in_Game_Design_(R35).aspx,380
121,Republic Polytechnic,R36,Design for User Experience,MEDIA & DESIGN,22,http://www.rp.edu.sg/Diploma_in_Design_for_User_Experience_(R36).aspx,380
122,Republic Polytechnic,R37,Hotel and Hospitality Management,BUSINESS & MANAGEMENT,19,http://www.rp.edu.sg/Diploma_in_Hotel_and_Hospitality_Management_(R37).aspx,380
123,Republic Polytechnic,R39,Aviation Management,BUSINESS & MANAGEMENT,18,http://www.rp.edu.sg/Diploma_in_Aviation_Management_(R39).aspx,380
124,Republic Polytechnic,R40,Aerospace Engineering,ENGINEERING,20,http://www.rp.edu.sg/Diploma_in_Aerospace_Engineering_(R40).aspx,380
125,Republic Polytechnic,R41,Green Building Energy Management,BUILT ENVIRONMENT,26,http://www.rp.edu.sg/Diploma_in_Green_Building_Energy_Management_(R41).aspx,380
126,Republic Polytechnic,R42,Common Engineering Programme,ENGINEERING,26,http://www.rp.edu.sg/Common_Engineering_Programme_(R42).aspx,380
127,Republic Polytechnic,R43,Health Management and Promotion,HEALTH SCIENCES,26,http://www.rp.edu.sg/Diploma_in_Health_Management_And_Promotion_(R43).aspx,380
128,Republic Polytechnic,R44,"Wellness, Lifestyle and Spa Management",BUSINESS & MANAGEMENT,26,http://www.rp.edu.sg/Diploma_in_Wellness_Lifestyle_and_Spa_Management_(R44).aspx,380
129,Republic Polytechnic,R45,Health Services Management,HEALTH SCIENCES,26,http://www.rp.edu.sg/Diploma_in_Health_Services_Management_(R45).aspx,380
130,Republic Polytechnic,R46,Restaurant and Culinary Operations,BUSINESS & MANAGEMENT,25,http://www.rp.edu.sg/Diploma_in_Restaurant_and_Culinary_Operations_(R46).aspx,380
131,Republic Polytechnic,R47,Mobile Software Development,INFORMATION & DIGITAL TECHNOLOGIES,26,http://www.rp.edu.sg/Diploma_in_Mobile_Software_Development_(R47).aspx,380
132,Republic Polytechnic,R48,Consumer Behaviour and Research,BUSINESS & MANAGEMENT,19,http://www.rp.edu.sg/Diploma_in_Consumer_Behaviour_and_Research_(R48).aspx,380
133,Republic Polytechnic,R49,Sports Coaching,HEALTH SCIENCES,18,http://www.rp.edu.sg/Diploma_in_Sports_Coaching_(R49).aspx,380
134,Republic Polytechnic,R50,Electrical and Electronic Engineering,ENGINEERING,26,http://www.rp.edu.sg/Diploma_in_Electrical_and_Electronic_Engineering_(R50).aspx,380
135,Republic Polytechnic,R51,Social Enterprise Management,BUSINESS & MANAGEMENT,19,http://www.rp.edu.sg/Diploma_in_Social_Enterprise_Management_(R51).aspx,380
136,Republic Polytechnic,R52,Human Resource Management with Psychology,BUSINESS & MANAGEMENT,17,http://www.rp.edu.sg/Diploma_in_Human_Resource_Management_with_Psychology_(R52).aspx,380
137,Republic Polytechnic,R53,Marine Science and Aquaculture,APPLIED SCIENCES,17,http://www.rp.edu.sg/Diploma_in_Marine_Science_and_Aquaculture_(R53).aspx,380
138,Republic Polytechnic,R54,Engineering Systems and Management,ENGINEERING,26,http://www.rp.edu.sg/Diploma_in_Engineering_Systems_and_Management_(R54).aspx,380
139,Republic Polytechnic,R55,Infocomm Security Management,INFORMATION & DIGITAL TECHNOLOGIES,23,http://www.rp.edu.sg/Diploma_in_Infocomm_Security_Management_(R55).aspx,380
140,Singapore Polytechnic,S33,Engineering Systems,ENGINEERING,22,http://www.sp.edu.sg/wps/portal/vp-spws/scheee.cse.ftdip.engineeringsystems,379
141,Singapore Polytechnic,S34,Business Innovation and Design,BUSINESS & MANAGEMENT,13,http://www.sp.edu.sg/wps/portal/vp-spws/schb.cse.ftdip.dbid,379
142,Singapore Polytechnic,S35,Digital Animation,MEDIA & DESIGN,12,http://www.sp.edu.sg/wps/portal/vp-spws/schdmit.cse.ftdip.digitalanimation,379
143,Singapore Polytechnic,S38,Perfumery and Cosmetic Science,APPLIED SCIENCES,12,http://www.sp.edu.sg/wps/portal/vp-spws/schcls.cse.ftdip.perfumeryandcosmeticsci,379
144,Singapore Polytechnic,S39,Visual Effects and Motion Graphics,MEDIA & DESIGN,15,http://www.sp.edu.sg/wps/portal/vp-spws/schdmit.cse.ftdip.visualeffectsandmotiongraphics,379
145,Singapore Polytechnic,S41,Creative Writing for Television and New Media,HUMANITIES,12,http://www.sp.edu.sg/wps/portal/vp-spws/schcass.cse.dip.dipincreativewritingfortvandnewmedia,379
146,Singapore Polytechnic,S42,Engineering with Business,ENGINEERING,13,http://www.sp.edu.sg/wps/portal/vp-spws/scheee.cse.ftdip.engineeringwithbusiness,379
147,Singapore Polytechnic,S43,Applied Drama and Psychology,HUMANITIES,12,http://www.sp.edu.sg/wps/portal/vp-spws/schcass.cse.dip.dipinapplieddramaandpsychology,379
148,Singapore Polytechnic,S44,"Nutrition, Health and Wellness",APPLIED SCIENCES,11,http://www.sp.edu.sg/wps/portal/vp-spws/schcls.cse.ftdip.nutritionhealthandwellness,379
149,Singapore Polytechnic,S45,Energy Systems and Management,ENGINEERING,21,http://www.sp.edu.sg/wps/portal/vp-spws/scheee.cse.ftdip.cleanenergy,379
150,Singapore Polytechnic,S46,Financial Informatics,BUSINESS & MANAGEMENT,13,http://www.sp.edu.sg/wps/portal/vp-spws/schb.cse.ftdip.financialinformatics,379
151,Singapore Polytechnic,S47,Food Science and Technology,APPLIED SCIENCES,14,http://www.sp.edu.sg/wps/portal/vp-spws/schcls.cse.ftdip.foodsciandtech,379
152,Singapore Polytechnic,S48,Human Resource Management with Psychology,BUSINESS & MANAGEMENT,12,http://www.sp.edu.sg/wps/portal/vp-spws/schb.cse.ftdip.humanresourcemgtwithpsychology,379
153,Singapore Polytechnic,S50,Integrated Events and Project Management,BUILT ENVIRONMENT,13,http://www.sp.edu.sg/wps/portal/vp-spws/schabe.cse.ftdip.integratedeventsandprojmgt,379
154,Singapore Polytechnic,S51,Experience and Product Design,MEDIA & DESIGN,17,http://www.sp.edu.sg/wps/portal/vp-spws/schd.cse.ftdip.expandpdtdesign,379
155,Singapore Polytechnic,S53,Computer Engineering,ENGINEERING,19,http://www.sp.edu.sg/wps/portal/vp-spws/scheee.cse.ftdip.computerengineering,379
156,Singapore Polytechnic,S54,Infocomm Security Management,INFORMATION & DIGITAL TECHNOLOGIES,12,http://www.sp.edu.sg/wps/portal/vp-spws/schdmit.cse.ftdip.infocommsecuritymgt,379
157,Singapore Polytechnic,S55,Tourism and Resort Management,BUSINESS & MANAGEMENT,12,http://www.sp.edu.sg/wps/portal/vp-spws/schb.cse.ftdip.tourismandresortmgt,379
158,Singapore Polytechnic,S56,Games Design and Development,MEDIA & DESIGN,15,http://www.sp.edu.sg/wps/portal/vp-spws/schd.cse.ftdip.gamesdesignanddvp,379
159,Singapore Polytechnic,S58,Bioengineering,ENGINEERING,13,http://www.sp.edu.sg/wps/portal/vp-spws/schmae.cse.ftdip.bioengineering,379
160,Singapore Polytechnic,S63,Marine Engineering,MARITIME STUDIES,16,http://www.sp.edu.sg/wps/portal/vp-spws/schsma.cse.ftdip.marineengineering,379
161,Singapore Polytechnic,S66,Architecture,BUILT ENVIRONMENT,12,http://www.sp.edu.sg/wps/portal/vp-spws/schabe.cse.ftdip.architecture,379
162,Singapore Polytechnic,S67,Optometry,HEALTH SCIENCES,15,http://www.sp.edu.sg/wps/portal/vp-spws/schcls.cse.ftdip.optometry,379
163,Singapore Polytechnic,S68,Civil Engineering with Business,BUILT ENVIRONMENT,18,http://www.sp.edu.sg/wps/portal/vp-spws/schabe.cse.ftdip.civilengineeringwithbusiness,379
164,Singapore Polytechnic,S69,Information Technology,INFORMATION & DIGITAL TECHNOLOGIES,15,http://www.sp.edu.sg/wps/portal/vp-spws/schdmit.cse.ftdip.it,379
165,Singapore Polytechnic,S70,Chemical Engineering,APPLIED SCIENCES,12,http://www.sp.edu.sg/wps/portal/vp-spws/schcls.cse.ftdip.chemicalengineering,379
166,Singapore Polytechnic,S71,Business Administration,BUSINESS & MANAGEMENT,12,http://www.sp.edu.sg/wps/portal/vp-spws/schb.cse.ftdip.businessadmin,379
167,Singapore Polytechnic,S72,Biotechnology,APPLIED SCIENCES,9,http://www.sp.edu.sg/wps/portal/vp-spws/schcls.cse.ftdip.biotech,379
168,Singapore Polytechnic,S73,Mechatronics and Robotics,ENGINEERING,15,http://www.sp.edu.sg/wps/portal/vp-spws/schmae.cse.ftdip.mechatronicsandrobotics,379
169,Singapore Polytechnic,S74,Maritime Business,MARITIME STUDIES,16,http://www.sp.edu.sg/wps/portal/vp-spws/schsma.cse.ftdip.maritimebusiness,379
170,Singapore Polytechnic,S75,Accountancy,BUSINESS & MANAGEMENT,12,http://www.sp.edu.sg/wps/portal/vp-spws/schb.cse.ftdip.accountancy,379
171,Singapore Polytechnic,S76,Banking and Finance,BUSINESS & MANAGEMENT,11,http://www.sp.edu.sg/wps/portal/vp-spws/schb.cse.ftdip.bankingandfinancialservices,379
172,Singapore Polytechnic,S82,Business Information Technology,INFORMATION & DIGITAL TECHNOLOGIES,14,http://www.sp.edu.sg/wps/portal/vp-spws/schdmit.cse.ftdip.bit,379
173,Singapore Polytechnic,S86,Media and Communication,MEDIA & DESIGN,13,http://www.sp.edu.sg/wps/portal/vp-spws/schcass.cse.dip.dipinmediaandcommunications,379
174,Singapore Polytechnic,S88,Aeronautical Engineering,ENGINEERING,12,http://www.sp.edu.sg/wps/portal/vp-spws/schmae.cse.ftdip.aeronauticalengineering,379
175,Singapore Polytechnic,S89,Interior Design,MEDIA & DESIGN,16,http://www.sp.edu.sg/wps/portal/vp-spws/schd.cse.ftdip.interiordesign,379
176,Singapore Polytechnic,S90,Aerospace Electronics,ENGINEERING,14,http://www.sp.edu.sg/wps/portal/vp-spws/scheee.cse.ftdip.aerospaceelectronics,379
177,Singapore Polytechnic,S91,Mechanical Engineering,ENGINEERING,17,http://www.sp.edu.sg/wps/portal/vp-spws/schmae.cse.ftdip.mechengineering,379
178,Singapore Polytechnic,S93,Visual Communication and Media Design,MEDIA & DESIGN,14,http://www.sp.edu.sg/wps/portal/vp-spws/schd.cse.ftdip.visualcommandmediadesign,379
179,Singapore Polytechnic,S94,Landscape Architecture,BUILT ENVIRONMENT,15,http://www.sp.edu.sg/wps/portal/vp-spws/schabe.cse.ftdip.landscapearchitecture,379
180,Singapore Polytechnic,S95,Hotel & Leisure Facilities Management,BUILT ENVIRONMENT,14,http://www.sp.edu.sg/wps/portal/vp-spws/schabe.cse.ftdip.hotelandleisurefacilitiesmanagement,379
181,Singapore Polytechnic,S97,Music and Audio Technology,INFORMATION & DIGITAL TECHNOLOGIES,12,http://www.sp.edu.sg/wps/portal/vp-spws/schdmit.cse.ftdip.musicandaudiotech,379
182,Singapore Polytechnic,S98,Biomedical Science,APPLIED SCIENCES,7,http://www.sp.edu.sg/wps/portal/vp-spws/schcls.cse.ftdip.biomedicalscience,379
183,Singapore Polytechnic,S99,Electrical and Electronic Engineering,ENGINEERING,19,http://www.sp.edu.sg/wps/portal/vp-spws/scheee.cse.ftdip.eee,379
184,Temasek Polytechnic,T01,Business/Logistics & Operations Management/Marketing,BUSINESS & MANAGEMENT,15,http://www.tp.edu.sg/schools/bus/business-studies-grouping#tab1,378
185,Temasek Polytechnic,T02,Accounting & Finance,BUSINESS & MANAGEMENT,12,http://www.tp.edu.sg/schools/bus/accounting-and-finance,378
186,Temasek Polytechnic,T04,Aviation Management & Services,BUSINESS & MANAGEMENT,13,http://www.tp.edu.sg/schools/eng/aviation-management-and-services,378
187,Temasek Polytechnic,T05,Electrical & Electronic Engineering Programme,ENGINEERING,22,http://www.tp.edu.sg/schools/eng/electrical-and-electronic-engineering-programme,378
188,Temasek Polytechnic,T06,Mechatronics/ Aerospace Engineering,ENGINEERING,21,http://www.tp.edu.sg/schools/eng/mechatronics-and-aerospace-programme,378
189,Temasek Polytechnic,T08,Hospitality & Tourism Management,BUSINESS & MANAGEMENT,16,http://www.tp.edu.sg/schools/bus/hospitality-and-tourism-management,378
190,Temasek Polytechnic,T09,Law & Management,BUSINESS & MANAGEMENT,13,http://www.tp.edu.sg/schools/bus/law-and-management,378
191,Temasek Polytechnic,T13,Computer Engineering,ENGINEERING,21,http://www.tp.edu.sg/schools/eng/computer-engineering,378
192,Temasek Polytechnic,T15,Cyber & Digital Security,INFORMATION & DIGITAL TECHNOLOGIES,14,http://www.tp.edu.sg/schools/iit/cyber-and-digital-security,378
193,Temasek Polytechnic,T17,Financial Business Informatics,BUSINESS & MANAGEMENT,15,http://www.tp.edu.sg/schools/iit/financial-business-informatics,378
194,Temasek Polytechnic,T18,Culinary & Catering Management,BUSINESS & MANAGEMENT,17,http://www.tp.edu.sg/schools/bus/culinary-and-catering-management,378
195,Temasek Polytechnic,T20,Apparel Design & Merchandising,MEDIA & DESIGN,16,http://www.tp.edu.sg/schools/des/apparel-design-and-merchandising,378
196,Temasek Polytechnic,T22,Interior Architecture & Design,MEDIA & DESIGN,15,http://www.tp.edu.sg/schools/des/interior-architecture-and-design,378
197,Temasek Polytechnic,T23,Digital Film & Television,MEDIA & DESIGN,17,http://www.tp.edu.sg/schools/des/digital-film-and-television,378
198,Temasek Polytechnic,T25,Pharmaceutical Science,APPLIED SCIENCES,12,http://www.tp.edu.sg/schools/asc/pharmaceutical-science,378
199,Temasek Polytechnic,T26,Applied Food Science & Nutrition,APPLIED SCIENCES,16,http://www.tp.edu.sg/schools/asc/applied-food-science-and-nutrition,378
200,Temasek Polytechnic,T27,Biomedical Science,APPLIED SCIENCES,10,http://www.tp.edu.sg/schools/asc/biomedical-science-t27,378
201,Temasek Polytechnic,T28,Integrated Facility Management,BUILT ENVIRONMENT,17,http://www.tp.edu.sg/schools/eng/integrated-facility-management-t28,378
202,Temasek Polytechnic,T29,Green Building & Sustainability,BUILT ENVIRONMENT,22,http://www.tp.edu.sg/schools/eng/green-building-and-sustainability,378
203,Temasek Polytechnic,T30,Information Technology,INFORMATION & DIGITAL TECHNOLOGIES,19,http://www.tp.edu.sg/schools/iit/information-technology,378
204,Temasek Polytechnic,T31,Biotechnology,APPLIED SCIENCES,11,http://www.tp.edu.sg/schools/asc/biotechnology,378
205,Temasek Polytechnic,T33,Chemical Engineering,APPLIED SCIENCES,15,http://www.tp.edu.sg/schools/asc/chemical-engineering,378
206,Temasek Polytechnic,T35,Product & Industrial Design,MEDIA & DESIGN,19,http://www.tp.edu.sg/schools/des/product-and-industrial-design,378
207,Temasek Polytechnic,T36,Business Information Technology,BUSINESS & MANAGEMENT,16,http://www.tp.edu.sg/schools/bus/business-information-technology,378
208,Temasek Polytechnic,T38,Biomedical Engineering,APPLIED SCIENCES,15,http://www.tp.edu.sg/schools/eng/biomedical-engineering,378
209,Temasek Polytechnic,T39,Retail Management,BUSINESS & MANAGEMENT,18,http://www.tp.edu.sg/schools/bus/retail-management,378
210,Temasek Polytechnic,T40,Communications & Media Management,BUSINESS & MANAGEMENT,14,http://www.tp.edu.sg/schools/bus/communications-and-media-management,378
211,Temasek Polytechnic,T42,Mobile & Network Services,INFORMATION & DIGITAL TECHNOLOGIES,23,http://www.tp.edu.sg/schools/iit/mobile-and-network-services,378
212,Temasek Polytechnic,T43,Business Process & Systems Engineering,BUSINESS & MANAGEMENT,21,http://www.tp.edu.sg/schools/eng/business-process-and-systems-engineering,378
213,Temasek Polytechnic,T44,Baking & Culinary Science,APPLIED SCIENCES,16,http://www.tp.edu.sg/schools/asc/baking-and-culinary-science,378
214,Temasek Polytechnic,T45,Veterinary Technology,APPLIED SCIENCES,10,http://www.tp.edu.sg/schools/asc/veterinary-technology-t45,378
215,Temasek Polytechnic,T46,Environment Design,MEDIA & DESIGN,19,http://www.tp.edu.sg/schools/des/environment-design,378
216,Temasek Polytechnic,T48,Psychology Studies,HUMANITIES,9,http://www.tp.edu.sg/schools/hss/psychology-studies,378
217,Temasek Polytechnic,T49,3D Interactive Media Technology,MEDIA & DESIGN,21,http://www.tp.edu.sg/schools/eng/3d-interactive-media-technology,378
218,Temasek Polytechnic,T50,Aerospace Electronics,ENGINEERING,15,http://www.tp.edu.sg/schools/eng/aerospace-electronics,378
219,Temasek Polytechnic,T51,Aerospace Engineering,ENGINEERING,12,http://www.tp.edu.sg/schools/eng/aerospace-engineering-t51,378
220,Temasek Polytechnic,T52,Clean Energy,ENGINEERING,22,http://www.tp.edu.sg/schools/eng/clean-energy,378
221,Temasek Polytechnic,T53,Gerontological Management Studies,HUMANITIES,17,http://www.tp.edu.sg/schools/hss/gerontological-management-studies,378
222,Temasek Polytechnic,T54,Early Childhood Studies,HUMANITIES,15,http://www.tp.edu.sg/schools/hss/early-childhood-studies,378
223,Temasek Polytechnic,T55,Digital Forensics,INFORMATION & DIGITAL TECHNOLOGIES,14,http://www.tp.edu.sg/schools/iit/digital-forensics,378
224,Temasek Polytechnic,T56,Common Engineering Programme,ENGINEERING,20,http://www.tp.edu.sg/schools/eng/common-engineering-programme,378
225,Temasek Polytechnic,T57,Business Intelligence & Analytics,INFORMATION & DIGITAL TECHNOLOGIES,17,http://www.tp.edu.sg/schools/iit/business-intelligence-and-analytics,378
226,Temasek Polytechnic,T58,Game Design & Development,INFORMATION & DIGITAL TECHNOLOGIES,18,http://www.tp.edu.sg/schools/iit/game-design-and-development-t58,378
227,Temasek Polytechnic,T59,Communication Design,MEDIA & DESIGN,15,http://www.tp.edu.sg/schools/des/communication-design-t59,378
228,Temasek Polytechnic,T60,Big Data Management & Governance,INFORMATION & DIGITAL TECHNOLOGIES,18,http://www.tp.edu.sg/schools/iit/big-data-management-and-governance-t60,378
229,Temasek Polytechnic,T61,Leisure & Events Management,BUSINESS & MANAGEMENT,17,http://www.tp.edu.sg/schools/bus/leisure-and-events-management,378
230,Singapore Polytechnic,S40,Common Engineering Programme,ENGINEERING,16,http://www.sp.edu.sg/wps/portal/vp-spws/scheee.cse.cep,379
231,Nanyang Polytechnic,C38,Sustainable Architectural Design,BUILT ENVIRONMENT,,http://www.nyp.edu.sg/sdn/courses-for-full-time-students/new-diploma-in-sustainable-architectural-design,381
232,Ngee Ann Polytechnic,N95,Tamil Studies with Early Education,HUMANITIES,,http://www.np.edu.sg/hms/courses/tse/Pages/tse.aspx,382
